City Id,City,Lat,Lng,Max Temp,Humidity,Cloudiness,Wind Speed,Country,Current Description
0,Kawalu,-7.38,108.21,73.6,85,100,1.45,ID,overcast clouds
1,Hindaun,26.72,77.02,54.61,55,0,1.81,IN,clear sky
2,Aykhal,66.0,111.5,-0.4,84,0,2.24,RU,clear sky
3,Nikolskoye,59.7,30.79,32.0,95,90,11.18,RU,overcast clouds
4,Colac,-38.33,143.58,60.01,76,94,1.99,AU,overcast clouds
5,Sawakin,19.11,37.33,76.42,73,78,15.86,SD,light rain
6,Cape Town,-33.93,18.42,62.01,77,20,17.22,ZA,few clouds
7,Bay Roberts,47.6,-53.26,51.8,100,90,2.24,CA,overcast clouds
8,Nome,64.5,-165.41,15.01,72,20,10.29,US,few clouds
9,Rikitea,-23.12,-134.97,76.75,80,100,12.12,PF,light rain
10,Muravlenko,63.79,74.52,-0.85,93,0,8.63,RU,clear sky
11,Hithadhoo,-0.6,73.08,82.15,69,5,9.17,MV,clear sky
12,Yellowknife,62.46,-114.35,6.01,84,90,11.41,CA,light snow
13,Paamiut,61.99,-49.67,32.97,87,100,7.47,GL,light snow
14,Georgetown,5.41,100.34,77.0,94,20,1.88,MY,few clouds
15,Kapaa,22.08,-159.32,78.8,69,40,19.46,US,scattered clouds
16,Muisne,0.6,-80.03,74.26,82,15,4.76,EC,few clouds
17,Ostrovnoy,68.05,39.51,29.03,95,100,33.98,RU,overcast clouds
18,Vaini,-21.2,-175.2,86.0,58,75,19.46,TO,broken clouds
19,Albany,42.6,-73.97,37.0,77,4,5.73,US,clear sky
20,Busselton,-33.65,115.33,61.79,56,100,6.08,AU,overcast clouds
21,Sao Filipe,14.9,-24.5,75.43,73,100,9.95,CV,overcast clouds
22,Anloga,5.79,0.9,78.8,88,20,2.24,GH,few clouds
23,Guaruja,-23.99,-46.26,79.0,26,77,3.0,BR,broken clouds
24,Butaritari,3.07,172.79,82.0,81,1,14.2,KI,clear sky
25,Hermanus,-34.42,19.23,54.0,92,74,7.27,ZA,broken clouds
26,Erenhot,43.65,111.98,4.41,92,0,7.09,CN,clear sky
27,Longyearbyen,78.22,15.64,24.8,79,75,20.8,SJ,light snow
28,Avarua,-21.21,-159.78,80.6,83,100,10.29,CK,overcast clouds
29,Gobabis,-22.45,18.97,73.4,56,81,2.24,NA,broken clouds
30,Markova,48.68,24.41,27.97,97,99,1.59,UA,overcast clouds
31,Mataura,-46.19,168.86,57.0,79,90,7.0,NZ,overcast clouds
32,Banda Aceh,5.56,95.32,78.31,78,100,5.35,ID,overcast clouds
33,Narsaq,60.92,-46.05,32.0,93,70,8.05,GL,broken clouds
34,Katsuura,35.13,140.3,53.01,50,75,9.17,JP,broken clouds
35,Mar Del Plata,-38.0,-57.56,66.2,93,90,3.36,AR,light rain
36,East London,-33.02,27.91,64.58,82,26,10.76,ZA,light rain
37,Megion,61.03,76.11,-4.0,76,90,4.21,RU,overcast clouds
38,Fort Morgan,40.25,-103.8,37.4,40,1,9.17,US,clear sky
39,Bluff,-46.6,168.33,57.0,79,10,7.0,NZ,clear sky
40,Punta Arenas,-53.15,-70.92,42.8,75,0,28.86,CL,clear sky
41,Sitka,57.05,-135.33,46.4,87,90,21.92,US,moderate rain
42,Redmond,47.67,-122.12,45.0,93,2,2.64,US,clear sky
43,Saint George,37.1,-113.58,51.8,20,1,1.03,US,clear sky
44,Bredasdorp,-34.53,20.04,53.6,87,28,3.36,ZA,scattered clouds
45,Ribeira Grande,38.52,-28.7,57.09,68,49,26.66,PT,scattered clouds
46,Qaanaaq,77.48,-69.36,1.04,85,100,7.4,GL,overcast clouds
47,Kavieng,-2.57,150.8,84.36,78,100,11.34,PG,moderate rain
48,San Quintin,30.48,-115.95,45.0,1,0,5.01,MX,clear sky
49,Coihaique,-45.58,-72.07,48.2,45,75,8.05,CL,broken clouds
50,Ushuaia,-54.8,-68.3,46.4,45,75,5.82,AR,broken clouds
51,Beira,-19.84,34.84,78.8,83,20,4.7,MZ,few clouds
52,Razdolnoye,43.55,131.92,10.4,72,93,4.47,RU,overcast clouds
53,Mao,39.89,4.27,55.4,87,95,4.7,ES,overcast clouds
54,Rameswaram,9.28,79.3,80.71,79,7,9.33,IN,light rain
55,Cabo San Lucas,22.89,-109.91,73.4,78,40,3.36,MX,scattered clouds
56,San Luis,-33.3,-66.34,77.4,40,0,10.27,AR,clear sky
57,Mahebourg,-20.41,57.7,75.2,73,40,8.05,MU,scattered clouds
58,Atuona,-9.8,-139.03,78.87,75,5,13.87,PF,light rain
59,Uchaly,54.3,59.45,8.47,94,46,1.72,RU,scattered clouds
60,Ballina,-28.87,153.57,93.99,51,46,11.41,AU,scattered clouds
61,Geraldton,-28.77,114.6,68.0,56,0,11.41,AU,clear sky
62,Poltar,48.43,19.79,28.4,92,90,1.79,SK,mist
63,Carutapera,-1.2,-46.02,78.69,85,0,6.49,BR,clear sky
64,Barrow,71.29,-156.79,8.6,78,90,4.7,US,overcast clouds
65,Broken Hill,-31.95,141.43,68.0,49,95,13.87,AU,overcast clouds
66,Zarechnyy,53.2,45.19,34.0,70,100,9.33,RU,overcast clouds
67,Asyut,27.18,31.18,53.6,71,0,4.7,EG,clear sky
68,Dongsheng,39.82,109.98,12.96,96,65,10.69,CN,broken clouds
69,Santa Fe,-31.63,-60.7,68.0,93,5,1.99,AR,clear sky
70,Honningsvag,70.98,25.97,37.74,83,100,25.77,NO,overcast clouds
71,Angoche,-16.23,39.91,79.14,83,83,3.78,MZ,broken clouds
72,Castro,-24.79,-50.01,64.65,92,100,4.7,BR,overcast clouds
73,Arraial Do Cabo,-22.97,-42.03,74.93,88,58,20.29,BR,broken clouds
74,Chulman,56.85,124.91,-2.15,89,100,10.4,RU,overcast clouds
75,Monrovia,6.3,-10.8,75.2,94,75,6.55,LR,broken clouds
76,Bethel,41.37,-73.41,41.0,80,1,3.36,US,clear sky
77,Hailey,43.52,-114.32,26.6,73,5,2.53,US,clear sky
78,Puerto Ayora,-0.74,-90.35,71.01,93,85,5.99,EC,overcast clouds
79,Kahului,20.89,-156.47,78.8,65,40,18.34,US,light rain
80,Kieta,-6.22,155.63,84.24,75,97,5.66,PG,moderate rain
81,Goldap,54.31,22.3,31.6,96,100,9.57,PL,overcast clouds
82,Karakol,42.49,78.39,16.52,85,100,5.88,KG,overcast clouds
83,Alofi,-19.06,-169.92,84.2,79,100,8.05,NU,light rain
84,Salalah,17.02,54.09,75.2,64,0,4.7,OM,clear sky
85,Nanortalik,60.14,-45.24,33.3,93,100,12.01,GL,light snow
86,Qaqortoq,60.72,-46.03,32.0,94,69,8.05,GL,broken clouds
87,Cayenne,4.93,-52.33,77.0,100,75,6.93,GF,broken clouds
88,Paraiso,9.84,-83.87,69.8,94,75,3.36,CR,fog
89,Mayumba,-3.43,10.66,76.51,86,100,4.03,GA,light rain
90,Norman Wells,65.28,-126.83,-14.8,83,75,5.82,CA,broken clouds
91,San Ramon De La Nueva Oran,-23.13,-64.33,82.99,77,100,2.73,AR,overcast clouds
92,Dikson,73.51,80.55,30.94,99,100,21.18,RU,snow
93,Shubarkuduk,49.14,56.49,16.59,95,42,7.65,KZ,scattered clouds
94,Talnakh,69.49,88.4,6.8,84,90,29.08,RU,heavy snow
95,Ahuimanu,21.44,-157.84,82.4,65,40,14.99,US,scattered clouds
96,Deputatskiy,69.3,139.9,-10.05,91,100,4.0,RU,overcast clouds
97,Coro,11.4,-69.67,78.62,83,95,12.66,VE,overcast clouds
98,Marsa Matruh,31.35,27.25,53.6,87,0,2.37,EG,clear sky
99,Mariquita,5.2,-74.89,73.09,81,100,1.68,CO,overcast clouds
100,New Norfolk,-42.78,147.06,66.0,48,100,4.0,AU,overcast clouds
101,Porbandar,21.64,69.61,72.48,41,0,13.65,IN,clear sky
102,Teya,60.38,92.63,10.47,88,85,2.13,RU,overcast clouds
103,Vao,-22.67,167.48,73.51,67,22,10.89,NC,few clouds
104,Saint Anthony,45.02,-93.22,46.4,69,1,5.46,US,clear sky
105,Ilulissat,69.22,-51.1,8.6,60,99,2.24,GL,overcast clouds
106,Samarai,-10.62,150.67,82.2,76,63,7.94,PG,broken clouds
107,Torbay,47.67,-52.73,53.01,100,90,2.24,CA,overcast clouds
108,Kroonstad,-27.65,27.23,59.0,93,100,4.59,ZA,overcast clouds
109,Killybegs,54.63,-8.45,48.0,92,77,4.74,IE,broken clouds
110,Liuhe,42.24,125.72,17.02,87,100,4.97,CN,overcast clouds
111,Srednekolymsk,67.45,153.68,-11.45,90,98,6.42,RU,overcast clouds
112,Port Alfred,-33.59,26.89,62.62,85,32,12.01,ZA,light rain
113,Isangel,-19.55,169.27,78.8,78,75,5.82,VU,broken clouds
114,Luderitz,-26.65,15.16,60.8,72,0,19.46,NA,clear sky
115,Nueva Guinea,11.69,-84.46,71.62,94,70,7.2,NI,broken clouds
116,Atherton,53.52,-2.49,48.0,85,99,1.01,GB,overcast clouds
117,Hobart,-42.88,147.33,66.0,87,75,9.17,AU,broken clouds
118,Husavik,66.04,-17.34,33.8,74,75,10.29,IS,broken clouds
119,Wladyslawowo,54.79,18.4,39.0,93,75,5.82,PL,light intensity shower rain
120,Bambous Virieux,-20.34,57.76,75.2,73,40,8.05,MU,scattered clouds
121,Wicklow,53.0,-6.42,46.0,93,75,3.36,IE,broken clouds
122,Tuktoyaktuk,69.45,-133.04,6.8,84,75,8.05,CA,light snow
123,Mbandaka,0.05,18.26,70.97,94,95,2.37,CD,overcast clouds
124,Show Low,34.25,-110.03,37.0,59,1,4.7,US,clear sky
125,Walvis Bay,-22.96,14.51,57.99,82,0,6.93,NA,clear sky
126,Jamestown,42.1,-79.24,37.99,95,1,6.93,US,clear sky
127,Dingle,11.0,122.67,82.24,80,96,15.39,PH,overcast clouds
128,Kiama,-34.68,150.87,100.0,31,98,17.0,AU,overcast clouds
129,Makakilo City,21.35,-158.09,82.4,45,75,9.17,US,broken clouds
130,Nuzvid,16.78,80.85,75.2,88,75,5.82,IN,mist
131,Matay,28.42,30.78,52.36,76,0,4.47,EG,clear sky
132,Bangangte,5.14,10.52,62.24,87,98,3.0,CM,overcast clouds
133,Hamilton,39.18,-84.53,42.01,62,1,2.26,US,clear sky
134,Saint-Augustin,51.23,-58.65,31.35,98,100,8.43,CA,light snow
135,Tamworth,52.63,-1.7,46.4,93,90,3.36,GB,mist
136,Cherskiy,68.75,161.3,-3.84,92,100,4.54,RU,overcast clouds
137,Olinda,-8.01,-34.86,78.8,69,40,10.29,BR,scattered clouds
138,Port Elizabeth,-33.92,25.57,60.8,93,40,11.41,ZA,scattered clouds
139,Lebu,-37.62,-73.65,56.05,96,100,11.39,CL,overcast clouds
140,Praya,14.92,-23.51,75.2,64,75,12.75,CV,broken clouds
141,Half Moon Bay,37.46,-122.43,60.8,50,1,10.29,US,clear sky
142,Taoudenni,22.68,-3.98,62.78,30,100,5.82,ML,overcast clouds
143,Tasiilaq,65.61,-37.64,17.6,57,33,4.7,GL,scattered clouds
144,Hofn,64.25,-15.21,41.27,81,100,21.61,IS,light rain
145,Prado,-17.34,-39.22,73.98,89,66,6.35,BR,broken clouds
146,Okhotsk,59.38,143.3,8.29,88,100,12.71,RU,overcast clouds
147,Birao,10.28,22.79,68.25,30,0,6.11,CF,clear sky
148,Codrington,-38.27,141.97,60.49,64,100,15.46,AU,overcast clouds
149,Constitucion,-35.33,-72.42,55.0,87,0,11.9,CL,clear sky
150,Menongue,-14.66,17.69,62.55,92,100,3.22,AO,light rain
151,Skjervoy,70.03,20.97,41.54,74,36,19.19,NO,scattered clouds
152,Saint-Philippe,-21.36,55.77,71.6,68,0,6.93,RE,clear sky
153,Port Lincoln,-34.73,135.87,62.1,57,2,11.65,AU,clear sky
154,Saskylakh,71.92,114.08,12.81,94,96,12.64,RU,overcast clouds
155,Vila Velha,-20.33,-40.29,77.0,83,40,6.93,BR,scattered clouds
156,Jesi,43.53,13.24,50.0,100,94,5.82,IT,mist
157,Araouane,18.9,-3.53,67.96,27,100,7.18,ML,overcast clouds
158,Yar-Sale,66.83,70.83,6.8,94,23,10.6,RU,few clouds
159,Keflavik,64.0,-22.56,37.4,100,90,8.05,IS,overcast clouds
160,Zverinogolovskoye,54.46,64.85,5.7,94,44,5.84,RU,scattered clouds
161,Touros,-5.2,-35.46,77.0,78,20,6.93,BR,few clouds
162,Axim,4.87,-2.24,78.31,84,0,3.85,GH,clear sky
163,Mutoko,-17.4,32.23,64.87,88,94,2.93,ZW,overcast clouds
164,Kochevo,59.6,54.31,8.42,96,10,3.69,RU,clear sky
165,Souillac,-20.52,57.52,75.2,73,40,8.05,MU,scattered clouds
166,Mwanza,-2.52,32.9,66.2,88,75,15.57,TZ,broken clouds
167,Chuy,-33.7,-53.46,70.72,95,100,17.29,UY,light rain
168,Cidreira,-30.18,-50.21,73.56,86,19,20.0,BR,few clouds
169,Badin,24.66,68.84,62.46,29,0,7.85,PK,clear sky
170,Hasaki,35.73,140.83,54.0,61,75,4.7,JP,broken clouds
171,Susanville,40.42,-120.65,41.0,52,1,1.66,US,clear sky
172,Thompson,55.74,-97.86,17.6,85,90,3.36,CA,light snow
173,Port Pirie,-33.18,138.02,66.2,52,40,16.11,AU,scattered clouds
174,Bandrele,-12.91,45.19,78.8,83,40,3.36,YT,scattered clouds
175,Hilo,19.73,-155.09,82.4,54,20,10.29,US,few clouds
176,Portland,45.52,-122.68,44.6,81,90,4.7,US,overcast clouds
177,Los Llanos De Aridane,28.66,-17.92,64.4,82,75,13.87,ES,broken clouds
178,Ponta Do Sol,32.67,-17.1,57.2,76,75,11.41,PT,broken clouds
179,Black River,18.03,-77.85,80.6,74,20,9.17,JM,few clouds
180,Andijon,40.78,72.34,26.6,86,50,4.47,UZ,scattered clouds
181,Kavaratti,10.57,72.64,82.08,72,12,8.84,IN,few clouds
182,Carnarvon,-24.87,113.63,71.6,78,0,14.99,AU,clear sky
183,Ilheus,-14.79,-39.05,77.0,88,75,10.29,BR,broken clouds
184,Broome,42.25,-75.83,33.8,69,1,10.29,US,clear sky
185,Owando,-0.48,15.9,70.02,97,0,1.95,CG,clear sky
186,Grindavik,63.84,-22.43,35.6,100,90,8.05,IS,light rain
187,Hirado,33.36,129.55,51.8,62,75,11.41,JP,broken clouds
188,Unai,-16.36,-46.91,69.51,80,0,2.77,BR,clear sky
189,Obihiro,42.92,143.2,30.2,74,20,1.12,JP,few clouds
190,Synya,65.37,58.04,9.03,95,86,9.17,RU,overcast clouds
191,Tvoroyri,61.56,-6.81,41.0,86,85,14.99,FO,light rain
192,Kjollefjord,70.95,27.35,35.62,86,100,20.47,NO,overcast clouds
193,Elko,41.0,-115.5,42.8,35,1,3.36,US,clear sky
194,Oranjestad,12.52,-70.03,82.4,78,40,11.41,AW,scattered clouds
195,Kruisfontein,-34.0,24.73,60.01,93,0,1.99,ZA,clear sky
196,Anadyr,64.75,177.48,3.2,84,32,8.95,RU,fog
197,Rafai,4.95,23.92,73.89,54,100,0.18,CF,overcast clouds
198,Jaisalmer,26.91,70.92,56.62,36,0,5.32,IN,clear sky
199,Iqaluit,63.75,-68.51,6.8,84,90,25.28,CA,light snow
200,Olovyannaya,50.95,115.57,0.57,90,0,3.0,RU,clear sky
201,Bengkulu,-3.8,102.27,76.01,84,100,3.56,ID,moderate rain
202,Sinnamary,5.38,-52.95,78.44,89,43,6.89,GF,scattered clouds
203,Kloulklubed,7.04,134.26,84.2,74,75,4.7,PW,broken clouds
204,Kermen,42.5,26.25,33.8,74,40,0.69,BG,scattered clouds
205,Punta Cardon,11.66,-70.22,81.43,80,100,22.46,VE,overcast clouds
206,Mbulu,-3.85,35.53,61.16,91,100,9.69,TZ,overcast clouds
207,Olafsvik,64.89,-23.71,36.64,96,100,10.49,IS,overcast clouds
208,Mandalgovi,45.76,106.27,-0.04,90,51,11.05,MN,broken clouds
209,San Cristobal,7.77,-72.22,65.39,92,100,2.35,VE,overcast clouds
210,Quatre Cocos,-20.21,57.76,75.2,73,40,8.05,MU,scattered clouds
211,Char Bhadrasan,23.32,90.22,69.8,83,0,6.13,BD,haze
212,Yerbogachen,61.28,108.01,-12.39,89,58,4.54,RU,broken clouds
213,Jacareacanga,-6.22,-57.75,76.59,82,37,1.95,BR,scattered clouds
214,Itarema,-2.92,-39.92,80.1,78,74,16.31,BR,broken clouds
215,Marabba,12.35,32.18,69.15,23,0,12.33,SD,clear sky
216,Road Town,18.42,-64.62,78.8,78,20,6.93,VG,few clouds
217,Lavrentiya,65.58,-171.0,19.42,93,93,15.95,RU,overcast clouds
218,Vestmanna,62.16,-7.17,41.0,86,100,14.99,FO,light rain
219,Oriximina,-1.77,-55.87,80.46,72,100,3.42,BR,overcast clouds
220,Awbari,26.59,12.78,57.52,37,0,10.67,LY,clear sky
221,Esperance,-33.87,121.9,64.4,59,100,14.99,AU,overcast clouds
222,Yumen,40.28,97.2,18.18,84,100,11.79,CN,overcast clouds
223,Atikokan,48.76,-91.62,27.19,97,60,3.06,CA,broken clouds
224,Pevek,69.7,170.31,12.47,96,100,11.74,RU,overcast clouds
225,Hervey Bay,-25.3,152.85,84.99,45,40,10.29,AU,scattered clouds
226,Kismayo,-0.36,42.55,79.25,86,1,10.71,SO,clear sky
227,Sorong,-0.88,131.25,82.83,75,100,2.17,ID,overcast clouds
228,Camopi,3.17,-52.32,73.89,94,97,2.44,GF,overcast clouds
229,Vila Franca Do Campo,37.72,-25.43,53.6,66,20,16.11,PT,few clouds
230,Khatanga,71.97,102.5,12.94,96,100,19.33,RU,light snow
231,Ixtapa,20.7,-105.2,78.8,78,40,9.17,MX,scattered clouds
232,Tazovskiy,67.47,78.7,2.37,93,100,12.19,RU,overcast clouds
233,Ransang,8.96,117.58,83.44,65,100,1.36,PH,overcast clouds
234,Upernavik,72.79,-56.15,3.16,71,100,5.55,GL,overcast clouds
235,Ust-Maya,60.42,134.53,-21.15,87,100,0.94,RU,overcast clouds
236,Mahmudabad,27.3,81.12,55.4,87,0,5.01,IN,mist
237,Cullman,34.17,-86.84,50.0,75,1,5.06,US,clear sky
238,Pisco,-13.7,-76.22,66.2,82,0,18.34,PE,clear sky
239,Liwale,-9.77,37.93,69.64,95,28,0.29,TZ,scattered clouds
240,Piacabucu,-10.41,-36.43,76.64,80,76,10.09,BR,broken clouds
241,Muskogee,35.58,-95.33,48.2,57,1,8.05,US,clear sky
242,Kaitangata,-46.28,169.85,60.01,51,94,5.01,NZ,overcast clouds
243,Nouadhibou,20.93,-17.03,64.4,77,0,11.41,MR,clear sky
244,Dodge City,37.75,-100.02,44.6,65,20,9.17,US,few clouds
245,Kokoda,-8.88,147.74,85.15,59,79,3.31,PG,light rain
246,Charters Towers,-20.1,146.27,86.68,32,0,9.75,AU,clear sky
247,Thalgau,47.83,13.25,33.01,95,75,4.7,AT,broken clouds
248,Gisborne,-38.65,178.0,66.0,70,100,1.99,NZ,light rain
249,Sakakah,29.97,40.21,55.4,87,75,4.7,SA,mist
250,Havre-Saint-Pierre,50.23,-63.6,30.2,92,90,3.36,CA,overcast clouds
251,Ola,59.58,151.28,5.58,86,66,12.48,RU,broken clouds
252,Charagua,-19.8,-63.22,77.54,54,0,10.0,BO,clear sky
253,Ulaanbaatar,47.91,106.88,-4.0,76,75,2.24,MN,broken clouds
254,Pirgos,35.12,25.72,59.0,79,0,6.22,GR,clear sky
255,Basco,20.45,121.97,77.11,76,99,28.66,PH,overcast clouds
256,Port Blair,11.67,92.75,81.37,79,100,16.49,IN,light rain
257,Omboue,-1.57,9.26,75.63,90,100,3.78,GA,moderate rain
258,Luxor,25.7,32.64,57.2,71,0,2.24,EG,clear sky
259,Luanda,-8.84,13.23,75.2,94,75,5.82,AO,broken clouds
260,Komsomolskiy,40.43,71.72,30.2,80,0,0.89,UZ,clear sky
261,Grand Gaube,-20.01,57.66,71.01,88,0,3.0,MU,clear sky
262,Setermoen,68.86,18.35,41.0,88,94,26.4,NO,overcast clouds
263,Kamiiso,41.82,140.65,39.2,51,75,11.41,JP,broken clouds
264,Nusaybin,37.08,41.22,50.0,66,20,2.24,TR,few clouds
265,Assiniboia,49.63,-105.98,26.6,79,95,21.92,CA,overcast clouds
266,Namibe,-15.2,12.15,71.22,78,85,3.49,AO,overcast clouds
267,Madaoua,14.07,5.96,75.56,22,0,6.31,NE,clear sky
268,Ambo,-10.13,-76.2,61.03,66,85,2.98,PE,light rain
269,Mahibadhoo,3.78,72.97,82.47,62,3,4.45,MV,clear sky
270,Venustiano Carranza,19.43,-99.1,69.8,30,5,6.93,MX,clear sky
271,Victoria,22.29,114.16,64.0,67,0,5.99,HK,clear sky
272,Harper,4.38,-7.72,77.99,84,47,4.92,LR,light rain
273,Port-Cartier,50.03,-66.87,30.2,92,100,3.36,CA,overcast clouds
274,Havelock,34.88,-76.9,54.0,93,1,3.58,US,clear sky
275,Chokurdakh,70.63,147.92,-6.86,92,100,7.38,RU,overcast clouds
276,Ocos,14.51,-92.19,82.4,83,75,5.82,GT,broken clouds
277,Tiznit,29.58,-9.5,54.7,78,0,1.36,MA,clear sky
278,Te Anau,-45.42,167.72,63.63,44,31,2.35,NZ,scattered clouds
279,Vestmannaeyjar,63.44,-20.27,41.43,91,100,29.17,IS,light rain
280,Lorengau,-2.02,147.27,86.34,71,95,6.93,PG,overcast clouds
281,Provideniya,64.38,-173.3,16.12,90,68,7.87,RU,broken clouds
282,Belmonte,-15.86,-38.88,75.2,83,40,4.7,BR,scattered clouds
283,Liling,27.67,113.5,44.6,93,90,6.71,CN,mist
284,Karratha,-20.74,116.85,88.05,47,0,11.39,AU,clear sky
285,Da Lat,11.95,108.44,59.63,100,100,3.49,VN,overcast clouds
286,Madimba,-10.4,40.33,75.2,100,40,1.66,TZ,scattered clouds
287,Condoto,5.09,-76.65,73.76,95,49,1.95,CO,scattered clouds
288,Tailai,46.38,123.4,12.72,83,0,5.66,CN,clear sky
289,Alyangula,-13.85,136.42,89.6,55,40,5.82,AU,scattered clouds
290,Conde,-7.26,-34.91,77.0,83,20,9.17,BR,few clouds
291,Hualmay,-11.1,-77.61,66.02,79,89,7.94,PE,overcast clouds
292,Necochea,-38.55,-58.74,64.99,85,49,5.75,AR,scattered clouds
293,Romitan,39.93,64.38,28.4,86,0,9.17,UZ,clear sky
294,Evensk,61.95,159.23,13.75,84,25,14.88,RU,scattered clouds
295,Bure,10.7,37.07,56.37,69,35,4.41,ET,scattered clouds
296,Ndele,8.41,20.65,72.43,30,100,5.26,CF,overcast clouds
297,Mattru,7.62,-11.83,74.5,95,40,1.14,SL,scattered clouds
298,Ati,13.22,18.34,73.29,21,0,10.98,TD,clear sky
299,Petropavlovsk-Kamchatskiy,53.05,158.65,15.8,78,100,11.18,RU,overcast clouds
300,Juneau,58.3,-134.42,37.4,86,90,28.86,US,moderate rain
301,Saldanha,-33.01,17.94,57.2,76,0,10.29,ZA,clear sky
302,Drumheller,51.46,-112.71,23.0,79,0,3.36,CA,clear sky
303,Dabakala,8.37,-4.43,75.67,67,1,4.25,CI,clear sky
304,Warrnambool,-38.38,142.48,63.0,81,100,16.08,AU,overcast clouds
305,Abu Samrah,35.3,37.18,51.69,68,15,5.21,SY,few clouds
306,Santa Maria,-29.68,-53.81,75.2,78,75,4.7,BR,light rain
307,Garoua,9.3,13.4,73.99,33,100,1.52,CM,overcast clouds
308,Leshukonskoye,64.9,45.76,16.21,96,24,6.62,RU,few clouds
309,Ciechocinek,52.88,18.8,36.0,94,99,6.53,PL,overcast clouds
310,Kobryn,52.21,24.36,31.03,99,98,2.51,BY,overcast clouds
311,Winnemucca,40.97,-117.74,46.4,31,1,3.36,US,clear sky
312,Honiara,-9.43,159.95,87.8,66,75,6.93,SB,broken clouds
313,Severo-Kurilsk,50.68,156.12,29.57,90,95,10.58,RU,overcast clouds
314,The Valley,18.22,-63.06,79.0,78,20,5.82,AI,few clouds
315,Acapulco,16.86,-99.89,82.4,74,40,6.93,MX,scattered clouds
316,Cedar City,37.68,-113.06,42.8,28,1,4.7,US,clear sky
317,Kashi,39.45,75.98,23.0,85,0,6.71,CN,clear sky
318,Trinidad,-14.83,-64.9,81.43,65,0,2.55,BO,clear sky
319,Berberati,4.26,15.79,68.41,53,51,1.59,CF,broken clouds
320,Zigong,29.34,104.78,49.93,79,6,5.21,CN,clear sky
321,Camacha,33.08,-16.33,55.4,82,40,11.41,PT,scattered clouds
322,Nipawin,53.37,-104.0,23.0,73,40,13.87,CA,scattered clouds
323,Poum,-20.23,164.02,76.69,71,0,10.16,NC,clear sky
324,San Jose,37.34,-121.89,60.8,36,1,8.05,US,clear sky
325,Lagoa,39.05,-27.98,57.0,69,77,29.26,PT,broken clouds
326,Tiksi,71.69,128.87,-1.98,90,100,9.6,RU,overcast clouds
327,Praia Da Vitoria,38.73,-27.07,55.4,66,75,30.2,PT,broken clouds
328,Lompoc,34.64,-120.46,61.0,38,1,10.29,US,clear sky
329,Grants,35.15,-107.85,33.8,69,1,3.36,US,clear sky
330,Saint-Georges,12.06,-61.75,80.6,88,20,11.41,GD,few clouds
331,General Pico,-35.66,-63.76,76.15,38,0,3.51,AR,clear sky
332,Corinth,37.94,22.96,51.01,59,100,1.01,GR,overcast clouds
333,Ploemeur,47.73,-3.43,48.99,87,0,11.41,FR,clear sky
334,Minot,48.23,-101.3,44.01,52,1,17.22,US,clear sky
335,Presidencia Roque Saenz Pena,-26.79,-60.44,80.73,70,84,6.58,AR,broken clouds
336,Naze,28.37,129.48,66.2,63,75,5.82,JP,broken clouds
337,Tambopata,-12.73,-69.18,76.42,83,44,1.61,PE,scattered clouds
338,Fortuna,40.6,-124.16,50.0,82,88,4.07,US,overcast clouds
339,Svetlaya,46.54,138.33,17.58,81,0,5.93,RU,clear sky
340,Namie,37.48,141.0,46.99,51,100,1.54,JP,overcast clouds
341,Qunduz,36.73,68.86,40.71,84,88,0.69,AF,overcast clouds
342,Mugur-Aksy,50.35,90.5,0.54,70,100,3.69,RU,overcast clouds
343,Jishou,28.32,109.72,43.18,73,100,0.4,CN,overcast clouds
344,Banyo,6.75,11.82,66.99,43,100,2.39,CM,overcast clouds
345,Awjilah,29.11,21.29,56.23,58,0,12.46,LY,clear sky
346,Springbok,-29.66,17.89,48.38,81,0,3.69,ZA,clear sky
347,Balykshi,47.07,51.87,26.6,86,59,17.9,KZ,mist
348,Buluang,13.31,123.34,83.79,69,95,5.53,PH,overcast clouds
349,Jining,35.41,116.58,37.35,78,4,4.5,CN,clear sky
350,Vanavara,60.34,102.28,5.92,95,100,4.7,RU,light snow
351,Faanui,-16.48,-151.75,81.64,74,36,5.55,PF,scattered clouds
352,Qui Nhon,13.77,109.23,77.4,87,100,21.0,VN,moderate rain
353,Boke,10.94,-14.3,72.61,68,88,1.81,GN,overcast clouds
354,Ayan,56.45,138.17,6.78,90,100,16.15,RU,overcast clouds
355,Biak,-0.91,122.88,83.23,66,99,1.57,ID,light rain
356,Juan Aldama,24.29,-103.39,62.31,42,0,3.91,MX,clear sky
357,College,64.86,-147.8,-0.4,77,75,3.2,US,broken clouds
358,Palmer,42.16,-72.33,42.8,52,20,17.22,US,few clouds
359,Salym,60.06,71.48,2.84,94,0,3.96,RU,clear sky
360,Kodiak,57.79,-152.41,35.6,83,90,1.74,US,overcast clouds
361,Ust-Ishim,57.69,71.17,0.72,93,13,3.74,RU,few clouds
362,Ukwa,21.97,80.47,57.52,68,8,2.46,IN,clear sky
363,Medea,36.26,2.75,57.2,93,75,12.75,DZ,broken clouds
364,Carbonia,39.17,8.52,54.0,81,75,2.24,IT,broken clouds
365,Mabaruma,8.2,-59.78,75.56,93,11,3.6,GY,few clouds
366,Astana,51.18,71.45,12.2,85,90,8.95,KZ,light snow
367,Matiri,-10.75,34.9,63.01,86,6,4.14,TZ,clear sky
368,Inirida,3.87,-67.92,72.9,97,93,1.66,CO,overcast clouds
369,Qasigiannguit,68.82,-51.19,8.6,60,95,2.24,GL,overcast clouds
370,Verkhniye Tatyshly,56.29,55.86,11.86,95,0,4.85,RU,clear sky
371,Trnava,48.38,17.59,37.4,92,0,1.12,SK,clear sky
372,Yangjiang,21.85,111.97,63.12,63,0,11.48,CN,clear sky
373,Mairana,-18.12,-63.93,58.8,100,0,1.99,BO,clear sky
374,Richards Bay,-28.78,32.04,72.07,85,99,14.61,ZA,overcast clouds
375,Labuhan,-6.88,112.21,79.79,83,100,5.73,ID,overcast clouds
376,Ekuvukeni,-28.47,30.16,66.6,65,100,0.38,ZA,overcast clouds
377,Pandaria,22.23,81.42,61.05,60,0,2.71,IN,clear sky
378,Vaitape,-16.52,-151.75,82.49,73,44,5.57,PF,scattered clouds
379,Thanatpin,17.21,96.3,72.21,83,0,6.73,MM,clear sky
380,Sechura,-5.56,-80.82,67.95,77,98,13.44,PE,overcast clouds
381,Mayo,38.89,-76.51,52.0,50,1,4.7,US,clear sky
382,Corsicana,32.1,-96.47,55.4,76,90,6.93,US,overcast clouds
383,Talcahuano,-36.72,-73.12,60.8,77,90,9.17,CL,overcast clouds
384,Sulphur,30.24,-93.38,60.8,93,90,8.05,US,moderate rain
385,Myitkyina,25.38,97.4,57.51,65,0,2.06,MM,clear sky
386,Santa Marinella,42.03,11.85,48.99,76,100,13.18,IT,overcast clouds
387,Kiunga,-6.12,141.29,87.55,64,100,0.83,PG,overcast clouds
388,Lingyuan,41.24,119.4,14.41,83,39,3.4,CN,scattered clouds
389,Mount Gambier,-37.83,140.77,60.8,63,75,17.22,AU,broken clouds
390,Zhezkazgan,47.8,67.71,8.42,94,0,11.12,KZ,clear sky
391,Pingliang,35.54,106.69,28.89,84,0,0.96,CN,clear sky
392,Songjianghe,42.19,127.48,15.3,83,100,3.2,CN,overcast clouds
393,Urumqi,43.8,87.6,30.2,100,90,6.2,CN,light snow
394,Laguna,38.42,-121.42,62.6,29,1,6.93,US,clear sky
395,Oranjemund,-28.55,16.43,59.58,86,25,16.37,NA,scattered clouds
396,Dunedin,-45.87,170.5,59.0,66,34,14.0,NZ,scattered clouds
397,Waingapu,-9.66,120.26,86.49,62,13,2.73,ID,few clouds
398,Fairbanks,64.84,-147.72,-0.4,77,75,2.71,US,broken clouds
399,Mongo,12.18,18.69,69.67,24,0,4.14,TD,clear sky
400,Tura,25.52,90.22,60.73,69,0,4.18,IN,clear sky
401,Cumberland,35.05,-78.87,53.6,81,1,5.08,US,clear sky
402,Caravelas,-17.71,-39.25,73.42,88,30,4.79,BR,scattered clouds
403,Meulaboh,4.14,96.13,77.07,83,66,3.2,ID,broken clouds
404,Gushikawa,26.35,127.87,68.0,82,90,3.36,JP,overcast clouds
405,Kijang,35.24,129.21,37.4,51,0,8.05,KR,clear sky
406,Airai,-8.93,125.41,78.19,50,70,2.33,TL,broken clouds
407,Bikramganj,25.2,84.25,59.68,49,0,3.65,IN,clear sky
408,Tuatapere,-46.13,167.68,57.0,79,46,7.0,NZ,scattered clouds
409,Oyugis,-0.51,34.74,62.04,88,100,2.89,KE,overcast clouds
410,Rancho Veloz,22.88,-80.39,71.6,88,20,4.7,CU,few clouds
411,Areosa,41.72,-8.86,59.0,87,75,9.17,PT,broken clouds
412,Bathsheba,13.22,-59.52,80.6,83,20,13.87,BB,few clouds
413,Plettenberg Bay,-34.05,23.37,58.86,84,5,5.41,ZA,clear sky
414,Kitob,39.08,66.83,38.95,65,31,4.45,UZ,scattered clouds
415,Vostok,46.49,135.88,6.04,91,100,4.88,RU,overcast clouds
416,Aksu,41.12,80.26,21.04,91,0,2.53,CN,clear sky
417,Xining,36.62,101.77,21.43,80,0,2.37,CN,clear sky
418,Tevriz,57.51,72.4,2.66,94,58,4.09,RU,broken clouds
419,Bawku,11.06,-0.24,77.7,59,0,1.9,GH,clear sky
420,Lawton,34.61,-98.39,44.6,87,90,9.1,US,moderate rain
421,Hami,42.8,93.45,21.87,79,100,1.66,CN,overcast clouds
422,Parry Sound,45.35,-80.03,42.01,71,43,13.78,CA,scattered clouds
423,Sinegorye,62.08,150.48,-6.36,87,95,1.97,RU,overcast clouds
424,Vila,42.03,-8.16,51.01,87,100,5.99,PT,overcast clouds
425,Muli,2.92,73.57,82.62,65,68,5.26,MV,broken clouds
426,Tukrah,32.53,20.58,61.56,53,36,25.77,LY,scattered clouds
427,Kapiri Mposhi,-13.97,28.68,66.31,78,62,4.29,ZM,broken clouds
428,Wattegama,6.8,81.48,71.6,100,20,1.12,LK,few clouds
429,Unguia,8.04,-77.09,75.87,88,36,1.28,CO,light rain
430,Leningradskiy,69.38,178.42,15.84,93,100,15.35,RU,overcast clouds
431,Elat,29.56,34.95,59.0,77,0,4.79,IL,clear sky
432,Guerrero,17.67,-100.0,69.55,72,17,4.03,MX,few clouds
433,Bandarbeyla,9.49,50.81,75.29,78,0,13.47,SO,clear sky
434,Shimoda,34.67,138.95,53.6,62,75,6.93,JP,broken clouds
435,Chipiona,36.74,-6.44,59.0,93,90,9.8,ES,overcast clouds
436,Tsiroanomandidy,-18.77,46.03,72.25,82,20,4.27,MG,light rain
437,Hornepayne,49.21,-84.77,30.78,95,100,4.68,CA,overcast clouds
438,Nuevo Progreso,23.17,-97.95,75.99,66,65,1.01,MX,broken clouds
439,Haines Junction,60.75,-137.51,24.8,92,100,1.12,CA,snow
440,Fort-Shevchenko,44.51,50.26,38.21,72,63,25.12,KZ,broken clouds
441,Malakal,9.53,31.66,74.59,20,0,7.74,SS,clear sky
442,Hambantota,6.12,81.12,71.6,100,20,1.12,LK,few clouds
443,Jalu,29.03,21.55,56.34,58,0,12.44,LY,clear sky
444,Dormidontovka,47.77,134.91,11.91,90,100,12.46,RU,overcast clouds
445,Marawi,8.0,124.29,82.99,77,100,1.99,PH,overcast clouds
446,Cozumel,20.51,-86.95,77.0,78,5,5.82,MX,clear sky
447,Guider,9.93,13.95,72.79,28,100,5.57,CM,overcast clouds
448,Babu,24.42,111.52,49.91,65,7,6.17,CN,clear sky
449,Mentougou,39.94,116.09,32.0,54,0,2.64,CN,clear sky
450,Udachnyy,66.42,112.4,-0.4,84,0,2.24,RU,clear sky
451,Correntina,-13.34,-44.64,68.25,76,31,3.91,BR,scattered clouds
452,Cervo,43.67,-7.41,43.0,100,100,3.0,ES,overcast clouds
453,Gamba,-2.65,10.0,75.65,89,100,2.93,GA,overcast clouds
454,Amga,60.9,131.96,-15.97,87,99,1.77,RU,overcast clouds
455,Leh,34.17,77.58,15.73,67,74,2.24,IN,broken clouds
456,Biltine,14.53,20.92,69.51,24,0,11.77,TD,clear sky
457,Kaspi,41.93,44.43,33.8,80,0,3.36,GE,clear sky
458,Great Yarmouth,52.61,1.73,48.2,93,1,5.82,GB,haze
459,Ancud,-41.87,-73.82,50.0,61,0,11.41,CL,clear sky
460,Smirnykh,49.75,142.83,20.98,87,56,6.44,RU,broken clouds
461,Nehe,48.48,124.83,11.14,80,0,4.23,CN,clear sky
462,Okha,53.57,142.95,23.23,93,100,12.21,RU,overcast clouds
463,Kaspiyskiy,45.39,47.37,44.19,75,100,22.3,RU,overcast clouds
464,Porto Novo,6.5,2.6,80.6,88,40,6.93,BJ,scattered clouds
465,Kutum,14.2,24.67,56.25,36,0,6.67,SD,clear sky
466,Mananjary,-21.22,48.33,73.24,90,8,5.28,MG,light rain
467,Halifax,44.65,-63.57,43.0,93,85,8.05,CA,overcast clouds
468,Suriapet,17.15,79.62,69.21,83,14,2.51,IN,few clouds
469,Comodoro Rivadavia,-45.87,-67.5,60.8,48,0,19.46,AR,clear sky
470,Arnstadt,50.83,10.95,33.8,69,90,6.93,DE,overcast clouds
471,Bor,56.36,44.07,30.99,92,90,8.95,RU,light snow
472,Bojnurd,37.47,57.33,33.8,80,0,9.15,IR,clear sky
473,Umm Kaddadah,13.6,26.69,64.08,27,0,13.58,SD,clear sky
474,Huejucar,22.35,-103.22,63.79,37,0,7.23,MX,clear sky
475,Bonthe,7.53,-12.51,77.13,88,99,1.14,SL,overcast clouds
476,Hays,30.05,-98.03,52.0,96,100,1.01,US,overcast clouds
477,Sao Joao Da Barra,-21.64,-41.05,74.64,88,12,12.62,BR,few clouds
478,Clyde River,70.47,-68.59,-5.8,83,90,21.92,CA,light snow
479,Kaeo,-35.1,173.78,64.47,77,100,11.5,NZ,overcast clouds
480,Hailin,44.58,129.42,6.57,89,2,3.8,CN,clear sky
481,Cockburn Town,21.46,-71.14,78.01,67,0,13.33,TC,clear sky
482,Kerema,-7.96,145.78,80.01,77,100,3.09,PG,overcast clouds
483,Ust-Barguzin,53.45,108.98,14.88,94,100,2.24,RU,light snow
484,Suicheng,33.9,117.93,38.43,70,0,2.75,CN,clear sky
485,Lauda-Konigshofen,49.57,9.7,32.0,92,90,11.41,DE,mist
486,Port Hawkesbury,45.62,-61.35,41.0,100,90,4.7,CA,overcast clouds
487,Kaitong,44.81,123.15,13.73,83,0,6.15,CN,clear sky
488,Asau,46.43,26.4,33.01,18,100,3.38,RO,overcast clouds
489,Shingu,33.73,135.98,51.8,53,40,2.24,JP,scattered clouds
490,Emerald,-23.53,148.17,84.0,42,0,9.17,AU,clear sky
491,Kondagaon,19.6,81.67,61.86,70,0,3.69,IN,clear sky
492,Karasburg,-28.02,18.75,57.07,40,0,3.11,NA,clear sky
493,Arys,42.43,68.8,23.0,100,0,2.24,KZ,mist
494,Lokosovo,61.13,74.82,-1.26,92,0,4.03,RU,clear sky
495,Pangody,65.85,74.49,0.99,92,100,10.49,RU,overcast clouds
496,Nuuk,64.18,-51.72,28.4,100,100,9.17,GL,light snow
497,Hailar,49.2,119.7,-0.9,91,8,2.93,CN,clear sky
498,Sembakung,3.82,117.25,81.5,80,92,2.08,ID,light rain
499,Rawson,-43.3,-65.1,54.57,65,100,14.32,AR,overcast clouds
500,Caramay,10.18,119.24,82.56,81,100,10.31,PH,light rain
501,Shablykino,52.86,35.2,38.01,96,100,11.74,RU,moderate rain
502,Taguatinga,-12.39,-46.57,77.02,55,71,8.03,BR,broken clouds
503,Coquimbo,-29.95,-71.34,59.0,82,0,8.05,CL,clear sky
504,Iquique,-20.22,-70.14,66.2,77,0,13.87,CL,clear sky
505,Ahipara,-35.17,173.17,64.76,84,100,16.6,NZ,overcast clouds
506,Setaka,33.15,130.47,53.01,87,75,2.24,JP,broken clouds
507,Imbituba,-28.24,-48.67,75.2,83,20,4.7,BR,few clouds
508,Faya,18.39,42.45,57.2,87,0,3.0,SA,clear sky
509,Villa Carlos Paz,-31.42,-64.5,70.0,90,0,4.0,AR,clear sky
510,Kasongo-Lunda,-6.47,16.82,70.47,93,100,1.41,CD,overcast clouds
511,Moron,-34.65,-58.62,68.0,82,0,5.82,AR,clear sky
512,Buraydah,26.33,43.98,59.0,100,75,8.05,SA,mist
513,Buncrana,55.13,-7.45,44.44,90,100,2.42,IE,overcast clouds
514,Mocuba,-16.84,36.99,73.98,90,94,2.06,MZ,overcast clouds
515,Peniche,39.36,-9.38,52.0,85,49,5.99,PT,scattered clouds
516,Kurchum,48.57,83.65,23.34,96,75,4.72,KZ,broken clouds
517,Caibarien,22.52,-79.47,71.6,88,20,4.7,CU,few clouds
518,Kununurra,-15.77,128.73,91.4,49,3,8.05,AU,clear sky
519,Kinsale,51.71,-8.53,51.01,100,75,9.17,IE,mist
520,Acheng,45.55,126.98,-2.2,84,0,4.47,CN,mist
521,Kyren,51.68,102.14,6.13,81,3,0.04,RU,clear sky
522,Verkhnevilyuysk,63.45,120.32,-7.01,91,65,6.35,RU,broken clouds
523,Port Augusta,-32.5,137.77,73.0,52,40,16.11,AU,scattered clouds
524,Muros,42.78,-9.06,51.01,94,43,6.26,ES,light rain
525,Acajutla,13.59,-89.83,80.6,57,20,1.7,SV,few clouds
526,San Carlos,9.66,-68.58,73.27,92,89,2.93,VE,overcast clouds
527,Guelph,43.55,-80.25,36.0,74,1,12.75,CA,clear sky
528,Altay,47.87,88.12,18.48,84,100,2.06,CN,overcast clouds
529,Kolomna,55.08,38.78,33.8,100,90,11.18,RU,light rain
530,Seymchan,62.88,152.43,-8.72,87,72,2.48,RU,broken clouds
531,Batemans Bay,-35.72,150.18,97.0,29,72,4.0,AU,broken clouds
532,Saint-Joseph,-21.37,55.62,71.6,68,0,6.93,RE,clear sky
533,Nikolayevsk-Na-Amure,53.14,140.73,16.34,92,100,8.77,RU,overcast clouds
534,Eyrarbakki,63.86,-21.15,37.4,86,90,10.29,IS,light rain
535,Waling,27.98,83.77,53.19,51,0,3.38,NP,clear sky
536,Kuching,1.55,110.33,77.0,88,20,2.24,MY,few clouds
537,Caiaponia,-16.96,-51.81,73.47,57,0,2.66,BR,clear sky
538,Tamandare,-8.76,-35.1,77.32,80,97,9.78,BR,overcast clouds
539,Alta,69.97,23.27,32.0,93,10,14.99,NO,clear sky
540,Zuwarah,32.93,12.08,61.77,47,41,19.42,LY,scattered clouds
541,Prince Rupert,54.32,-130.32,44.6,86,90,16.11,CA,light rain
542,Port Hedland,-20.32,118.57,87.8,58,0,11.41,AU,clear sky
543,Berdigestyakh,62.1,126.7,-12.64,89,100,4.92,RU,overcast clouds
544,Colquechaca,-18.67,-66.02,42.93,86,10,5.03,BO,clear sky
545,Tupik,54.43,119.93,-2.76,86,100,3.06,RU,overcast clouds
546,La Ronge,55.1,-105.28,14.0,72,89,9.17,CA,overcast clouds
547,Huarmey,-10.07,-78.15,66.61,79,100,7.07,PE,light rain
548,Pahrump,36.21,-115.98,57.2,15,1,5.82,US,clear sky
549,Makurdi,7.74,8.51,76.57,36,0,0.78,NG,clear sky
550,Lakes Entrance,-37.88,147.98,70.0,63,88,8.01,AU,overcast clouds
551,Togul,53.47,85.91,9.63,90,62,2.84,RU,broken clouds
552,Alenquer,-1.94,-54.74,82.4,83,20,8.05,BR,few clouds
553,Linxia,35.6,103.21,24.31,86,0,1.77,CN,clear sky
554,Andra,62.51,65.89,6.94,94,0,1.48,RU,clear sky
555,Portsmouth,50.8,-1.09,46.99,92,100,10.76,GB,overcast clouds
556,Watsa,3.04,29.54,63.61,99,93,1.39,CD,overcast clouds
557,Saint-Francois,46.42,3.91,34.0,92,0,1.12,FR,clear sky
558,Chapais,49.78,-74.85,28.4,100,90,8.05,CA,light snow
559,Kushima,31.46,131.23,53.6,46,40,9.17,JP,scattered clouds
560,Doha,25.29,51.53,77.0,78,0,4.7,QA,clear sky
561,Rehnan,32.68,51.6,42.8,93,90,4.7,IR,mist
562,Chegdomyn,51.12,133.02,3.83,90,96,0.92,RU,overcast clouds
563,Alice Springs,-23.7,133.88,91.99,33,90,8.05,AU,overcast clouds
564,Marienburg,54.04,19.03,37.99,89,98,1.01,PL,overcast clouds
565,Andenes,69.31,16.12,42.8,81,100,19.46,NO,light rain
566,Molina,-35.12,-71.28,73.4,27,0,8.05,CL,clear sky
567,Green River,41.53,-109.47,37.4,32,1,18.34,US,clear sky
568,Key West,24.56,-81.78,77.0,88,1,8.86,US,clear sky
569,Necsesti,44.25,25.15,39.2,74,100,4.65,RO,overcast clouds
570,Hovd,48.01,91.64,9.54,93,100,0.25,MN,overcast clouds
571,Boyuibe,-20.42,-63.28,76.06,57,0,6.85,BO,clear sky
572,Birjand,32.87,59.22,53.6,27,75,9.17,IR,broken clouds
573,Bilma,18.69,12.92,68.85,25,0,6.89,NE,clear sky
574,Den Helder,52.96,4.76,41.0,93,90,12.75,NL,mist
575,Olga,43.74,135.29,21.52,80,89,7.36,RU,overcast clouds
576,Burgeo,47.62,-57.62,42.53,82,100,7.36,CA,overcast clouds
577,Gigmoto,13.78,124.39,82.89,77,99,13.49,PH,overcast clouds
578,Marsh Harbour,26.54,-77.06,74.89,67,38,5.64,BS,scattered clouds
579,Ampanihy,-24.7,44.75,74.1,83,95,7.18,MG,overcast clouds
580,Sainte-Claire,46.6,-70.86,35.01,96,100,8.63,CA,overcast clouds
581,Nioro,13.35,-15.75,71.04,25,19,6.26,GM,few clouds
582,Nhulunbuy,-12.23,136.77,86.0,66,75,9.17,AU,broken clouds
583,Vizinga,61.07,50.1,9.14,95,0,4.56,RU,clear sky
584,Saint-Leu,-21.15,55.28,71.6,68,0,6.93,RE,clear sky
585,Lamar,33.67,-95.58,52.0,57,1,8.05,US,clear sky
586,Rocha,-34.48,-54.33,69.28,97,100,5.99,UY,overcast clouds
587,Atasu,48.68,71.64,11.37,96,100,10.94,KZ,light snow
588,Indian Head,38.6,-77.16,53.6,34,1,6.93,US,clear sky
589,San Patricio,28.02,-97.52,66.2,93,90,18.34,US,overcast clouds
590,Denpasar,-8.65,115.22,82.4,83,20,2.24,ID,few clouds
591,Canutama,-6.53,-64.38,78.12,77,88,1.43,BR,overcast clouds
592,Monywa,22.12,95.13,64.83,77,0,5.66,MM,clear sky
593,Amberley,39.2,-84.43,42.01,65,1,2.19,US,clear sky
594,Lata,40.16,-8.33,50.0,93,99,4.45,PT,overcast clouds
595,Tunceli,39.11,39.55,32.0,68,0,6.93,TR,clear sky
596,Hillsborough,37.57,-122.38,57.0,50,1,10.29,US,clear sky
597,Bacuag,9.61,125.64,83.5,71,11,6.13,PH,few clouds
598,Mormugao,15.4,73.8,75.2,73,20,6.93,IN,few clouds
599,Avera,33.19,-82.53,57.2,92,90,4.94,US,haze
600,Flin Flon,54.77,-101.86,17.6,72,90,13.87,CA,light snow
601,Brae,60.4,-1.35,46.4,70,100,10.29,GB,overcast clouds
602,Finnsnes,69.23,17.98,41.0,90,100,26.4,NO,overcast clouds
603,Suntar,62.14,117.63,-6.5,90,81,5.77,RU,broken clouds
604,Gazli,40.13,63.45,29.77,94,1,16.22,UZ,clear sky
605,Vitim,59.45,112.56,-2.07,91,100,3.0,RU,overcast clouds
606,Xingyi,24.19,102.82,46.89,89,94,2.57,CN,overcast clouds
607,Aborlan,9.44,118.55,80.6,83,75,6.93,PH,broken clouds
608,Zelenoborskiy,66.84,32.36,23.0,100,100,11.5,RU,overcast clouds
609,Sumbe,-11.21,13.84,77.27,86,98,4.45,AO,overcast clouds
610,Gazanjyk,39.24,55.52,40.53,67,96,23.58,TM,overcast clouds
611,Tabuk,17.42,121.44,75.78,82,82,8.48,PH,broken clouds
612,Klaksvik,62.23,-6.59,41.0,86,100,14.99,FO,light rain
613,Chishtian Mandi,29.8,72.87,54.75,37,3,2.68,PK,clear sky
614,Yulara,-25.24,130.99,86.0,37,0,16.11,AU,clear sky
615,Irtyshskiy,58.33,68.13,2.08,94,11,4.38,RU,few clouds
616,Ruston,32.52,-92.64,50.0,76,1,4.7,US,clear sky
617,Ngunguru,-35.62,174.5,66.45,70,46,11.83,NZ,scattered clouds
618,Madang,-5.22,145.8,84.0,74,41,2.3,PG,light rain
619,San Julian,21.02,-102.17,66.24,36,23,7.14,MX,few clouds
620,Havoysund,71.0,24.66,37.4,74,52,19.46,NO,broken clouds
621,Pundaguitan,6.37,126.17,82.53,74,95,6.49,PH,overcast clouds
622,Corn Island,12.17,-83.04,81.93,76,1,12.33,NI,clear sky
623,Luangwa,-15.62,30.42,79.75,59,61,4.5,ZM,broken clouds
624,Callaway,30.15,-85.57,68.0,77,75,3.36,US,broken clouds
625,Behbahan,30.6,50.24,57.2,93,90,4.7,IR,thunderstorm with rain
626,Carauari,-4.88,-66.9,75.79,94,100,2.24,BR,overcast clouds
627,Vilcun,-38.65,-72.23,53.6,93,90,6.93,CL,overcast clouds
628,Seydi,39.48,62.91,29.48,94,47,12.73,TM,scattered clouds
629,Blairmore,49.6,-114.44,32.0,73,42,8.05,CA,scattered clouds
630,Fort Nelson,58.81,-122.7,-0.4,84,75,2.24,CA,broken clouds
631,Flinders,-34.58,150.86,100.0,31,83,17.0,AU,light rain
632,Lodja,-3.48,23.43,67.51,98,100,0.58,CD,light rain
633,Tulu Bolo,8.67,38.22,53.6,91,28,3.11,ET,scattered clouds
634,Jibuti,11.5,42.5,75.2,83,1,12.28,DJ,haze
635,Coahuayana,18.73,-103.68,77.0,83,40,11.41,MX,scattered clouds
636,Benguela,-12.58,13.41,77.36,78,100,3.29,AO,overcast clouds
637,Aasiaat,68.71,-52.87,7.25,86,100,8.7,GL,overcast clouds
638,Ushtobe,45.25,77.98,25.36,96,2,12.08,KZ,clear sky
639,Humberto De Campos,-2.6,-43.46,77.2,91,60,5.08,BR,broken clouds
640,Nelson Bay,-32.72,152.15,100.4,17,100,29.97,AU,overcast clouds
641,Ecoporanga,-18.37,-40.83,67.89,95,14,3.36,BR,few clouds
642,Kashima,33.11,130.09,51.8,87,75,2.24,JP,broken clouds
643,Petatlan,17.52,-101.27,84.2,70,40,1.12,MX,scattered clouds
644,Buala,-8.14,159.59,84.4,73,100,4.79,SB,moderate rain
645,Nokaneng,-19.67,22.27,71.8,79,100,0.94,BW,light rain
646,Zamora,-4.07,-78.96,67.23,71,100,1.92,EC,overcast clouds
647,Korem,12.51,39.52,51.49,98,2,2.57,ET,clear sky
648,Pietersburg,-23.9,29.47,66.2,88,0,1.12,ZA,clear sky
649,Kichera,55.94,110.1,1.4,82,0,6.38,RU,clear sky
650,Kamaishi,39.27,141.88,35.6,93,75,1.12,JP,broken clouds
651,Arlit,18.74,7.39,75.31,25,0,3.94,NE,clear sky
652,Yaan,7.38,8.57,75.74,44,0,4.52,NG,clear sky
653,Furtwangen,48.05,8.2,34.0,89,100,4.43,DE,overcast clouds
654,Roma,43.21,-75.46,33.8,74,1,4.68,US,clear sky
655,Aklavik,68.22,-135.01,-0.4,84,63,2.24,CA,broken clouds
656,Puerto Narino,-3.77,-70.38,77.0,100,40,2.24,CO,scattered clouds
657,Nedryhayliv,50.83,33.88,37.54,81,100,3.56,UA,overcast clouds
658,Marzuq,14.4,46.47,60.48,82,0,4.65,YE,clear sky
659,Kalianget,-7.05,113.93,81.86,76,100,3.06,ID,overcast clouds
660,Bismarck,46.81,-100.78,48.2,31,1,9.17,US,clear sky
661,Sandwick,60.0,-1.25,46.4,70,97,10.29,GB,overcast clouds
662,Goderich,43.75,-81.72,41.0,64,0,16.11,CA,clear sky
663,Manaure,11.78,-72.44,80.56,79,94,16.51,CO,overcast clouds
664,Waiuku,-37.25,174.75,63.0,88,93,18.34,NZ,overcast clouds
665,Tawau,4.25,117.89,78.8,88,20,2.24,MY,few clouds
666,Launceston,-41.45,147.17,66.0,59,75,17.22,AU,broken clouds
667,Tera,14.01,0.75,80.65,27,0,9.57,NE,clear sky
668,Gusau,12.16,6.66,72.79,26,0,8.12,NG,clear sky
669,Margate,51.38,1.39,48.99,85,0,1.99,GB,clear sky
670,Formosa,-26.18,-58.18,86.0,74,0,5.82,AR,clear sky
671,High Level,58.52,-117.14,-0.4,91,20,2.24,CA,few clouds
672,Solnechnyy,50.72,136.63,10.62,90,100,1.54,RU,overcast clouds
673,Aksay,47.26,39.87,39.2,93,75,15.66,RU,mist
674,Mantua,45.17,10.78,44.01,97,100,3.0,IT,overcast clouds
675,Solomenskoye,44.22,44.35,34.84,93,17,2.62,RU,few clouds
676,Vawkavysk,53.16,24.45,27.34,98,34,5.79,BY,scattered clouds
677,Namanyere,-7.52,31.05,61.52,80,61,3.89,TZ,broken clouds
678,Celestun,20.87,-90.4,76.86,80,4,14.7,MX,clear sky
679,Tsabong,-26.02,22.4,72.99,69,90,13.13,BW,overcast clouds
680,Le Mars,42.79,-96.17,43.0,65,1,3.36,US,clear sky
681,Jiuquan,39.74,98.52,19.78,83,51,2.84,CN,broken clouds
682,Mwense,-10.38,28.7,67.78,90,69,0.47,ZM,light rain
683,Kumluca,36.37,30.29,59.27,52,7,5.53,TR,clear sky
684,Nantucket,41.28,-70.1,48.2,61,40,8.05,US,scattered clouds
685,Rio De Loba,40.67,-7.88,50.0,92,59,1.95,PT,broken clouds
686,Guerrero Negro,27.98,-114.06,64.38,58,0,12.66,MX,clear sky
687,Gat,31.61,34.76,57.2,87,0,3.36,IL,clear sky
688,Agboville,5.93,-4.21,73.38,96,36,2.48,CI,scattered clouds
689,Doka,13.52,35.77,68.67,26,0,10.02,SD,clear sky
690,Bath,51.38,-2.36,48.0,94,100,1.99,GB,overcast clouds
691,San Policarpo,12.18,125.51,81.82,82,99,12.82,PH,overcast clouds
692,Yeppoon,-23.13,150.73,86.0,40,40,6.93,AU,scattered clouds
693,Blankenberge,51.31,3.13,39.99,86,0,3.0,BE,clear sky
694,Morondava,-20.28,44.28,80.38,85,0,11.59,MG,clear sky
695,Ambon,-3.7,128.18,84.78,71,100,5.88,ID,overcast clouds
696,Marshall,34.38,-86.33,51.01,81,1,3.36,US,clear sky
697,Sangar,63.92,127.47,-21.12,88,54,1.97,RU,broken clouds
698,Cochrane,51.18,-114.47,24.01,79,1,6.93,CA,clear sky
699,Longkou,37.65,120.33,40.05,68,91,13.04,CN,overcast clouds
